Babs,Leven,bleven0@theglobeandmail.com,Librarian,Micronesian,Female
Derward,Rosencrantz,drosencrantz1@biblegateway.com,Sales Associate,Colville,Male
Wynn,Penner,wpenner2@e-recht24.de,VP Marketing,Cuban,Male
Grenville,Ripping,gripping3@de.vu,Health Coach I,Colville,Male
Mischa,O' Kelleher,mokelleher4@aboutads.info,Civil Engineer,American Indian,Male
Biron,Cocke,bcocke5@fotki.com,Librarian,Houma,Male
Dougie,Rush,drush6@canalblog.com,Biostatistician II,Bolivian,Male
Marianne,Tonge,mtonge7@icq.com,Pharmacist,Uruguayan,Female
Averill,Jelliman,ajelliman8@patch.com,Assistant Professor,Sioux,Male
Sorcha,Miklem,smiklem9@berkeley.edu,General Manager,Pima,Female
Kurtis,Bresnen,kbresnena@wix.com,Software Engineer II,Asian,Male
Brinn,Tallquist,btallquistb@chronoengine.com,Paralegal,Native Hawaiian and Other Pacific Islander (NHPI),Female
Fara,Perello,fperelloc@symantec.com,Software Consultant,Crow,Female
Man,Bricknell,mbricknelld@ning.com,Computer Systems Analyst III,Japanese,Male
Samuele,Casel,scasele@amazon.co.jp,Senior Sales Associate,Latin American Indian,Male
Rianon,Rojel,rrojelf@wp.com,Account Representative III,Colville,Female
Fee,Crump,fcrumpg@privacy.gov.au,Senior Editor,Costa Rican,Male
Frederigo,Burleigh,fburleighh@cocolog-nifty.com,Actuary,Pakistani,Male
Leeanne,Virgoe,lvirgoei@icq.com,Physical Therapy Assistant,Alaska Native,Female
Dulsea,Jeacocke,djeacockej@macromedia.com,Nurse Practicioner,Sri Lankan,Female
Gael,Greenier,ggreenierk@oaic.gov.au,Payment Adjustment Coordinator,Menominee,Male
Bard,Mandeville,bmandevillel@dailymotion.com,Accounting Assistant IV,Pima,Male
Natty,Seacroft,nseacroftm@usda.gov,Civil Engineer,Japanese,Male
Wini,Rushby,wrushbyn@yellowbook.com,Editor,South American,Female
Gasparo,Rossant,grossanto@scribd.com,Senior Quality Engineer,Uruguayan,Male
Purcell,Brisset,pbrissetp@purevolume.com,Administrative Assistant II,Latin American Indian,Male
Sada,Ryall,sryallq@altervista.org,Assistant Manager,Creek,Female
Colin,Franciotti,cfranciottir@businessinsider.com,Programmer Analyst III,Honduran,Male
Reider,Duffit,rduffits@soup.io,Director of Sales,White,Male
Alasdair,Menichi,amenichit@booking.com,Analyst Programmer,Peruvian,Male
Jillane,Durtnell,jdurtnellu@elegantthemes.com,Occupational Therapist,Cherokee,Female
Carrie,Mardell,cmardellv@npr.org,Financial Analyst,Thai,Female
Mellisent,Leary,mlearyw@mail.ru,Desktop Support Technician,Panamanian,Female
Luz,Bugdell,lbugdellx@microsoft.com,Physical Therapy Assistant,Blackfeet,Female
Cher,Leveridge,cleveridgey@blogs.com,Civil Engineer,Mexican,Female
Joline,Clowser,jclowserz@exblog.jp,Help Desk Technician,Bangladeshi,Female
Chauncey,Bhar,cbhar10@latimes.com,Professor,Nicaraguan,Male
Pablo,Midson,pmidson11@exblog.jp,Executive Secretary,Tongan,Male
Webb,Dovey,wdovey12@youku.com,VP Accounting,Polynesian,Male
Nickolai,Pentecost,npentecost13@diigo.com,Data Coordiator,Korean,Male
Hi,Lundy,hlundy14@feedburner.com,Information Systems Manager,Cheyenne,Male
Giorgi,Smitten,gsmitten15@feedburner.com,Cost Accountant,Melanesian,Male
Dulci,Aiers,daiers16@telegraph.co.uk,Environmental Specialist,Blackfeet,Female
Karlie,Clementel,kclementel17@yellowbook.com,Librarian,Delaware,Female
Jade,Hayter,jhayter18@people.com.cn,GIS Technical Architect,Aleut,Female
Cris,MacQueen,cmacqueen19@japanpost.jp,Senior Quality Engineer,Paiute,Male
Roldan,Kingescot,rkingescot1a@rediff.com,Automation Specialist IV,Tohono O'Odham,Male
Lilia,Cottesford,lcottesford1b@mac.com,Registered Nurse,Eskimo,Female
Nate,Gowar,ngowar1c@senate.gov,Chief Design Engineer,Spaniard,Male
Reinaldo,Pinke,rpinke1d@woothemes.com,Sales Representative,Puget Sound Salish,Male
Edik,Syrad,esyrad1e@yellowbook.com,Systems Administrator IV,Chinese,Male
Gardener,Weiser,gweiser1f@woothemes.com,Product Engineer,Alaskan Athabascan,Male
Vincent,Tonna,vtonna1g@chicagotribune.com,Product Engineer,Tongan,Male
Renard,Ashley,rashley1h@cargocollective.com,Office Assistant IV,Colville,Male
Jeth,Feehery,jfeehery1i@dell.com,Junior Executive,Chippewa,Male
Elysee,Cookes,ecookes1j@who.int,Nurse Practicioner,Cheyenne,Female
Chelsie,Upston,cupston1k@bluehost.com,Quality Control Specialist,White,Female
Brittne,Mell,bmell1l@blogtalkradio.com,Product Engineer,White,Female
Bari,Cauthra,bcauthra1m@slashdot.org,Office Assistant I,Pueblo,Female
Osbert,Martusov,omartusov1n@sciencedaily.com,Nuclear Power Engineer,Yuman,Male
Orsola,Osborn,oosborn1o@scribd.com,Engineer III,Chilean,Female
Maye,Peidro,mpeidro1p@dagondesign.com,VP Quality Control,Menominee,Female
Torre,Cresser,tcresser1q@businessinsider.com,Actuary,Colombian,Male
Daniella,Dytham,ddytham1r@google.ca,Assistant Manager,Samoan,Female
Noell,Bastard,nbastard1s@diigo.com,Analog Circuit Design manager,Paraguayan,Female
Elke,Bardsley,ebardsley1t@imageshack.us,Budget/Accounting Analyst I,Samoan,Female
Curry,Imm,cimm1u@nyu.edu,Software Consultant,Yaqui,Male
Hettie,Caldera,hcaldera1v@booking.com,Assistant Professor,Thai,Female
Janela,Oxtoby,joxtoby1w@godaddy.com,Structural Engineer,Thai,Female
Magdalena,Faulds,mfaulds1x@bloglovin.com,Administrative Officer,Menominee,Female
Briggs,Fritchley,bfritchley1y@behance.net,Marketing Manager,Menominee,Male
Emmey,Brasner,ebrasner1z@slashdot.org,Environmental Specialist,Eskimo,Female
Tore,Giovani,tgiovani20@e-recht24.de,Recruiting Manager,Honduran,Male
Dorothea,Willcot,dwillcot21@sciencedaily.com,Food Chemist,Cuban,Female
Lonnard,Hasluck,lhasluck22@tinyurl.com,Nurse,Salvadoran,Male
Murdock,Chater,mchater23@hatena.ne.jp,Administrative Officer,Blackfeet,Male
Rouvin,Smitham,rsmitham24@i2i.jp,Associate Professor,Indonesian,Male
Dagny,Whaley,dwhaley25@ow.ly,Assistant Professor,Samoan,Male
Marylee,Basilio,mbasilio26@netlog.com,Programmer III,Argentinian,Female
Merrilee,Cottle,mcottle27@wikia.com,Software Test Engineer I,Melanesian,Female
Hermine,Dreinan,hdreinan28@4shared.com,Senior Cost Accountant,Spaniard,Female
Rozalie,Huxton,rhuxton29@cocolog-nifty.com,Dental Hygienist,Alaska Native,Female
Dre,Berfoot,dberfoot2a@soundcloud.com,Analyst Programmer,Costa Rican,Female
Tris,Sterricks,tsterricks2b@shutterfly.com,Professor,Ute,Male
Roberta,Skitterel,rskitterel2c@adobe.com,Software Test Engineer III,Puerto Rican,Female
Gib,De Cleyne,gdecleyne2d@wordpress.com,Chief Design Engineer,Cree,Male
Gabriello,Gogerty,ggogerty2e@google.de,Analyst Programmer,Native Hawaiian and Other Pacific Islander (NHPI),Male
Carroll,Inglish,cinglish2f@ezinearticles.com,Speech Pathologist,Creek,Female
Clemmie,Klimmek,cklimmek2g@va.gov,Paralegal,Navajo,Male
Flori,Murrow,fmurrow2h@amazon.co.jp,Biostatistician III,Yaqui,Female
Karina,Rasp,krasp2i@desdev.cn,Operator,Dominican (Dominican Republic),Female
Elise,Bawdon,ebawdon2j@miibeian.gov.cn,Junior Executive,Taiwanese,Female
Ignacius,Humpherson,ihumpherson2k@icq.com,Administrative Officer,Dominican (Dominican Republic),Male
Bjorn,Mickleburgh,bmickleburgh2l@ca.gov,Analog Circuit Design manager,Chickasaw,Male
Blake,Jarret,bjarret2m@yelp.com,Actuary,Kiowa,Male
Enrique,Cornelleau,ecornelleau2n@usnews.com,Help Desk Operator,Ute,Male
Alon,Gisbye,agisbye2o@amazon.co.uk,Electrical Engineer,Panamanian,Male
Pierson,Isitt,pisitt2p@addthis.com,VP Quality Control,Chippewa,Male
Courtney,Hathwood,chathwood2q@buzzfeed.com,Accounting Assistant III,Polynesian,Female
Ashleigh,Warratt,awarratt2r@booking.com,Software Engineer II,Puget Sound Salish,Female
Biddie,Tombling,btombling2s@ft.com,Administrative Assistant I,Black or African American,Female
Estel,Bambridge,ebambridge2t@uol.com.br,Quality Control Specialist,Japanese,Female
Alfred,Zealy,azealy2u@forbes.com,Food Chemist,Samoan,Male
Benjy,Maliffe,bmaliffe2v@oaic.gov.au,Staff Scientist,Native Hawaiian and Other Pacific Islander (NHPI),Male
Valentin,Brozsset,vbrozsset2w@yale.edu,Senior Financial Analyst,Indonesian,Male
Marris,Gulley,mgulley2x@princeton.edu,Account Executive,Peruvian,Female
Lonny,Dwyer,ldwyer2y@ifeng.com,Information Systems Manager,Ecuadorian,Male
Janet,McGown,jmcgown2z@wikipedia.org,Nurse Practicioner,Micronesian,Female
Virgie,Farrington,vfarrington30@canalblog.com,Quality Control Specialist,Asian Indian,Male
Ailbert,Gazzard,agazzard31@spiegel.de,Engineer III,Navajo,Male
Jordanna,Dering,jdering32@opensource.org,VP Product Management,Cambodian,Female
Jarrid,Domerc,jdomerc33@wordpress.com,Pharmacist,Blackfeet,Male
Kiley,Kensley,kkensley34@sun.com,VP Sales,Chamorro,Female
Phyllis,Ielden,pielden35@discuz.net,Help Desk Technician,Guamanian,Female
Lila,Benn,lbenn36@alexa.com,Civil Engineer,Eskimo,Female
Lilas,Sivewright,lsivewright37@fema.gov,Statistician III,Fijian,Female
Sallie,Ollet,sollet38@addthis.com,Speech Pathologist,Puerto Rican,Female
Gram,Papaminas,gpapaminas39@msn.com,Speech Pathologist,Filipino,Male
Torin,Thickens,tthickens3a@wp.com,Help Desk Operator,Alaska Native,Male
Merilee,Sutton,msutton3b@imgur.com,Geologist III,Ottawa,Female
Cyril,Bingle,cbingle3c@wikispaces.com,Quality Engineer,Native Hawaiian,Male
Thorin,Addess,taddess3d@issuu.com,Accountant II,Navajo,Male
Dorey,Jacklings,djacklings3e@bloomberg.com,Biostatistician IV,Japanese,Female
Cherrita,Wassung,cwassung3f@ocn.ne.jp,Senior Sales Associate,Kiowa,Female
Isidor,D'Souza,idsouza3g@apple.com,Mechanical Systems Engineer,Cherokee,Male
Stern,Alliot,salliot3h@army.mil,Registered Nurse,Honduran,Male
Daloris,Figger,dfigger3i@goodreads.com,Sales Representative,Tohono O'Odham,Female
Dell,Fruchon,dfruchon3j@51.la,Analog Circuit Design manager,Japanese,Male
Auberon,Dumbrall,adumbrall3k@mediafire.com,Registered Nurse,American Indian and Alaska Native (AIAN),Male
Masha,Leeburn,mleeburn3l@blogger.com,Tax Accountant,Pakistani,Female
Christie,Ruddiman,cruddiman3m@hostgator.com,Research Assistant I,Iroquois,Female
Giraldo,Crevagh,gcrevagh3n@naver.com,Assistant Media Planner,Taiwanese,Male
Serge,Mebes,smebes3o@hatena.ne.jp,Sales Associate,Mexican,Male
Frasier,Pinches,fpinches3p@ovh.net,Marketing Assistant,Laotian,Male
Nixie,Caroll,ncaroll3q@facebook.com,Librarian,Vietnamese,Female
Cello,Cromblehome,ccromblehome3r@bandcamp.com,Senior Quality Engineer,Native Hawaiian and Other Pacific Islander (NHPI),Male
Myron,Cogar,mcogar3s@google.com.au,Chief Design Engineer,Taiwanese,Male
Chrotoem,Smorfit,csmorfit3t@bizjournals.com,Data Coordiator,Apache,Male
Tobit,Haithwaite,thaithwaite3u@g.co,Accountant I,Central American,Male
Aldus,Livsey,alivsey3v@creativecommons.org,VP Sales,Paraguayan,Male
Carroll,Stonbridge,cstonbridge3w@pcworld.com,Web Designer II,Nicaraguan,Female
Maximilien,Notti,mnotti3x@last.fm,Engineer III,Chilean,Male
Hailey,De Francesco,hdefrancesco3y@ask.com,Senior Editor,Black or African American,Male
Rhona,Stocken,rstocken3z@free.fr,Analog Circuit Design manager,Guamanian,Female
Olivie,Sallter,osallter40@yolasite.com,Budget/Accounting Analyst III,Sioux,Female
Dagny,Grout,dgrout41@weather.com,Operator,Mexican,Male
Cesar,Spatarul,cspatarul42@dedecms.com,Nurse,Fijian,Male
Neale,Satterley,nsatterley43@mlb.com,Librarian,Cherokee,Male
Annamaria,Scirman,ascirman44@cloudflare.com,Health Coach I,Filipino,Female
Finlay,Tapson,ftapson45@nih.gov,Geologist I,Alaskan Athabascan,Male
Colette,Prosek,cprosek46@reverbnation.com,Nurse Practicioner,Samoan,Female
Dierdre,MacMichael,dmacmichael47@indiatimes.com,Director of Sales,Eskimo,Female
Truda,Trineman,ttrineman48@jimdo.com,Administrative Assistant IV,Panamanian,Female
Alena,Oleszczak,aoleszczak49@zimbio.com,Staff Scientist,Honduran,Female
Donalt,Arnold,darnold4a@miibeian.gov.cn,Sales Associate,Pueblo,Male
Zonda,Shillington,zshillington4b@techcrunch.com,Nuclear Power Engineer,Tongan,Female
Nelia,Hague,nhague4c@nymag.com,Executive Secretary,Sri Lankan,Female
Wandie,Moulder,wmoulder4d@sogou.com,Information Systems Manager,Navajo,Female
Andie,Nevitt,anevitt4e@wired.com,Legal Assistant,Alaska Native,Male
Lucien,Kopps,lkopps4f@ask.com,Financial Advisor,Kiowa,Male
Ephrayim,Janeczek,ejaneczek4g@addtoany.com,Health Coach III,American Indian and Alaska Native (AIAN),Male
Annabelle,Harefoot,aharefoot4h@eepurl.com,Account Representative III,Native Hawaiian,Female
Henrik,MacRury,hmacrury4i@nifty.com,Recruiter,Bangladeshi,Male
Clementius,Braban,cbraban4j@studiopress.com,Research Nurse,Blackfeet,Male
Clem,Janodet,cjanodet4k@freewebs.com,General Manager,Pakistani,Male
Jayme,Ingrem,jingrem4l@hugedomains.com,Senior Quality Engineer,Cherokee,Female
Mel,Itzkovitch,mitzkovitch4m@blogger.com,Technical Writer,Latin American Indian,Male
Willyt,Aiton,waiton4n@meetup.com,Human Resources Assistant III,Choctaw,Female
Kyle,Ioselevich,kioselevich4o@scientificamerican.com,Research Nurse,Tohono O'Odham,Male
Ellette,McMylor,emcmylor4p@google.ca,Electrical Engineer,Iroquois,Female
Hinze,Batthew,hbatthew4q@hibu.com,Structural Analysis Engineer,Kiowa,Male
Trescha,Bloxsom,tbloxsom4r@imageshack.us,Desktop Support Technician,Delaware,Female
Barny,Matchell,bmatchell4s@smh.com.au,Office Assistant IV,Cheyenne,Male
Gale,Cruden,gcruden4t@acquirethisname.com,Senior Editor,Venezuelan,Female
Brewer,Bullerwell,bbullerwell4u@independent.co.uk,Financial Advisor,Cuban,Male
Gertrude,Mohammed,gmohammed4v@boston.com,Desktop Support Technician,Guatemalan,Female
Emlen,Gepson,egepson4w@purevolume.com,Engineer I,Samoan,Male
Tabitha,Broek,tbroek4x@washington.edu,Structural Engineer,Bolivian,Female
Kenyon,Ashfull,kashfull4y@google.co.jp,Staff Scientist,Houma,Male
Dulcinea,Keme,dkeme4z@php.net,Legal Assistant,Uruguayan,Female
Hew,Pursey,hpursey50@symantec.com,Business Systems Development Analyst,Pueblo,Male
Ursulina,Adriaens,uadriaens51@ibm.com,Cost Accountant,Ottawa,Female
Lin,Partleton,lpartleton52@i2i.jp,Help Desk Technician,Colville,Male
Eugine,Tomes,etomes53@desdev.cn,Human Resources Assistant I,Comanche,Female
Giffie,Conybear,gconybear54@pbs.org,GIS Technical Architect,Chickasaw,Male
Phil,Tomson,ptomson55@reddit.com,Software Test Engineer III,Delaware,Male
Glenine,Cresar,gcresar56@t-online.de,Structural Analysis Engineer,Houma,Female
Gothart,Eves,geves57@cbsnews.com,Office Assistant II,Honduran,Male
Jereme,Proffitt,jproffitt58@tinyurl.com,Senior Editor,Fijian,Male
Alvis,Kaaskooper,akaaskooper59@google.nl,Operator,Cree,Male
Jacquie,Kraut,jkraut5a@lycos.com,Quality Engineer,Iroquois,Female
Bernarr,Kleynen,bkleynen5b@bbb.org,Community Outreach Specialist,Tlingit-Haida,Male
Carr,Dillimore,cdillimore5c@patch.com,Research Nurse,Pima,Male
Denice,Yorkston,dyorkston5d@utexas.edu,Environmental Tech,American Indian and Alaska Native (AIAN),Female
Lenore,Jobbing,ljobbing5e@economist.com,Account Coordinator,Nicaraguan,Female
Roshelle,Campos,rcampos5f@github.com,Recruiter,Alaskan Athabascan,Female
Thorpe,Cavy,tcavy5g@google.pl,Assistant Professor,Apache,Male
Hew,Blanket,hblanket5h@senate.gov,Physical Therapy Assistant,Chamorro,Male
Wain,Marcinkowski,wmarcinkowski5i@businessinsider.com,Librarian,Chamorro,Male
Charlot,Sute,csute5j@samsung.com,Tax Accountant,Pueblo,Female
Robinet,Ochterlonie,rochterlonie5k@netlog.com,Design Engineer,Osage,Female
Glendon,Mardall,gmardall5l@homestead.com,Software Consultant,Indonesian,Male
Suellen,Matijevic,smatijevic5m@hatena.ne.jp,Administrative Assistant II,Pima,Female
Joannes,Yerrill,jyerrill5n@purevolume.com,Geological Engineer,Delaware,Female
Dede,Rhubottom,drhubottom5o@omniture.com,Human Resources Assistant IV,Chippewa,Female
Duncan,Pendlington,dpendlington5p@technorati.com,Assistant Media Planner,Central American,Male
Pammi,Skrines,pskrines5q@dot.gov,Developer I,Fijian,Female
Baudoin,Lanyon,blanyon5r@mit.edu,Help Desk Operator,Guamanian,Male
Albrecht,Vaan,avaan5s@digg.com,Marketing Manager,Argentinian,Male
Cordie,Donne,cdonne5t@printfriendly.com,Data Coordiator,Kiowa,Female
Waldemar,Strut,wstrut5u@unicef.org,Legal Assistant,Osage,Male
Seward,Batecok,sbatecok5v@nps.gov,Data Coordiator,Pueblo,Male
Ives,Lummis,ilummis5w@smh.com.au,Data Coordiator,Bolivian,Male
Demott,Doudney,ddoudney5x@taobao.com,Computer Systems Analyst I,Ecuadorian,Male
Roma,Gryglewski,rgryglewski5y@barnesandnoble.com,Analog Circuit Design manager,Guamanian,Male
Leon,Jindrich,ljindrich5z@sina.com.cn,Environmental Specialist,Menominee,Male
Reid,Geertz,rgeertz60@bizjournals.com,Accountant I,Cree,Male
Alfy,Dancy,adancy61@ameblo.jp,Developer II,Uruguayan,Male
Michaella,Pook,mpook62@fotki.com,Dental Hygienist,Tlingit-Haida,Female
Lexie,MacCague,lmaccague63@ow.ly,Associate Professor,Lumbee,Female
Kaine,Jzhakov,kjzhakov64@psu.edu,Programmer I,Melanesian,Male
Merill,Lemmon,mlemmon65@infoseek.co.jp,Product Engineer,Asian Indian,Male
Klemens,Jessen,kjessen66@sfgate.com,Web Designer IV,Honduran,Male
Teresina,Brimmacombe,tbrimmacombe67@studiopress.com,Operator,Pakistani,Female
Harri,Willcot,hwillcot68@china.com.cn,Health Coach I,Cherokee,Female
Bryn,Tellenbroker,btellenbroker69@bloomberg.com,Desktop Support Technician,Salvadoran,Male
Lorrin,Cakebread,lcakebread6a@parallels.com,Analog Circuit Design manager,Yaqui,Female
Anjanette,Parkes,aparkes6b@gmpg.org,Data Coordiator,Pima,Female
Merwyn,Filyaev,mfilyaev6c@apple.com,Tax Accountant,Yuman,Male
Woodman,Oxshott,woxshott6d@shinystat.com,Technical Writer,Polynesian,Male
Verene,Eilles,veilles6e@tiny.cc,Desktop Support Technician,Cherokee,Female
Jessamine,Eglaise,jeglaise6f@umich.edu,Sales Associate,Chamorro,Female
Lemmie,Gillatt,lgillatt6g@boston.com,Information Systems Manager,American Indian,Male
Anallese,Ockwell,aockwell6h@mediafire.com,Librarian,Tohono O'Odham,Female
Ameline,Petrenko,apetrenko6i@squidoo.com,Clinical Specialist,Kiowa,Female
Ignaz,Atwell,iatwell6j@squidoo.com,Information Systems Manager,Spaniard,Male
Darrick,Hobgen,dhobgen6k@msu.edu,Food Chemist,Delaware,Male
Ash,Forryan,aforryan6l@latimes.com,VP Accounting,Native Hawaiian,Male
Quill,Barrat,qbarrat6m@istockphoto.com,Database Administrator II,Fijian,Male
Lexie,Rathmell,lrathmell6n@engadget.com,Community Outreach Specialist,Kiowa,Female
Kathe,Doerffer,kdoerffer6o@ning.com,Systems Administrator III,Potawatomi,Female
Elvin,Frondt,efrondt6p@weebly.com,Analog Circuit Design manager,Sri Lankan,Male
Cheston,Eveleigh,ceveleigh6q@tripod.com,Nurse Practicioner,Alaska Native,Male
Rriocard,O' Hanvey,rohanvey6r@engadget.com,Human Resources Assistant IV,Melanesian,Male
Farr,Pechold,fpechold6s@mayoclinic.com,VP Product Management,Creek,Male
Mallory,Barnbrook,mbarnbrook6t@fc2.com,Mechanical Systems Engineer,Chippewa,Male
Nate,Cantor,ncantor6u@vinaora.com,Nuclear Power Engineer,Filipino,Male
Marley,Purkis,mpurkis6v@spiegel.de,Design Engineer,Thai,Female
Urson,Merring,umerring6w@acquirethisname.com,Environmental Specialist,Yakama,Male
Barbara,Bownd,bbownd6x@theatlantic.com,Junior Executive,Argentinian,Female
Bertie,Leaney,bleaney6y@phpbb.com,General Manager,Guatemalan,Female
Bethany,Duer,bduer6z@huffingtonpost.com,Nuclear Power Engineer,Peruvian,Female
Alicea,Southwood,asouthwood70@4shared.com,Help Desk Operator,Taiwanese,Female
Margarette,Fordyce,mfordyce71@wikia.com,Tax Accountant,Kiowa,Female
Terza,Yelland,tyelland72@gnu.org,Health Coach III,Kiowa,Female
Sofie,Patterson,spatterson73@businessinsider.com,Assistant Manager,Crow,Female
Mercy,Workes,mworkes74@nba.com,Quality Engineer,Paiute,Female
Chas,Call,ccall75@nyu.edu,Pharmacist,Tongan,Male
Kori,Swinnard,kswinnard76@cyberchimps.com,Office Assistant IV,Uruguayan,Female
Maisey,Ennever,mennever77@prlog.org,Information Systems Manager,Black or African American,Female
Wendye,Geering,wgeering78@wisc.edu,Office Assistant IV,Uruguayan,Female
Germain,Itscowics,gitscowics79@360.cn,Associate Professor,Thai,Male
Tades,Mountstephen,tmountstephen7a@icq.com,VP Marketing,Ecuadorian,Male
Filippa,Sjostrom,fsjostrom7b@cdc.gov,Help Desk Technician,Filipino,Female
Marissa,Gosforth,mgosforth7c@drupal.org,Professor,South American,Female
Stacy,Monksfield,smonksfield7d@moonfruit.com,Legal Assistant,Chickasaw,Male
Bria,Edmundson,bedmundson7e@t-online.de,Environmental Tech,Alaska Native,Female
Araldo,Sidsaff,asidsaff7f@dropbox.com,Senior Developer,Sri Lankan,Male
Romain,Everley,reverley7g@fda.gov,Cost Accountant,Puget Sound Salish,Male
Durward,Abbotts,dabbotts7h@blog.com,Human Resources Assistant II,Osage,Male
Margaux,Winterscale,mwinterscale7i@chicagotribune.com,VP Sales,Melanesian,Female
Adoree,Bener,abener7j@mapy.cz,Information Systems Manager,White,Female
Dwight,Tod,dtod7k@acquirethisname.com,Quality Control Specialist,Native Hawaiian and Other Pacific Islander (NHPI),Male
Chanda,Attlee,cattlee7l@nyu.edu,Actuary,Peruvian,Female
Quintilla,Rosenfrucht,qrosenfrucht7m@ed.gov,Staff Accountant I,Potawatomi,Female
Brook,de Clerk,bdeclerk7n@cbslocal.com,Human Resources Manager,Colombian,Male
Juliana,Corkan,jcorkan7o@furl.net,Pharmacist,Aleut,Female
Claudius,Chatenet,cchatenet7p@cbc.ca,Electrical Engineer,Choctaw,Male
Phillida,Bawcock,pbawcock7q@sbwire.com,Project Manager,Spaniard,Female
Pat,Gerleit,pgerleit7r@cbslocal.com,Social Worker,Colville,Male
Vinson,Bartkiewicz,vbartkiewicz7s@feedburner.com,Nuclear Power Engineer,Sioux,Male
Caspar,Keuntje,ckeuntje7t@twitter.com,Registered Nurse,Filipino,Male
Doug,Cockland,dcockland7u@histats.com,Staff Accountant IV,Venezuelan,Male
Kristy,Matskevich,kmatskevich7v@oaic.gov.au,Recruiter,Yaqui,Female
Egon,Blint,eblint7w@deliciousdays.com,Electrical Engineer,Iroquois,Male
Trevar,Baptist,tbaptist7x@webs.com,Environmental Specialist,Colville,Male
Paula,Buret,pburet7y@va.gov,Senior Quality Engineer,Tlingit-Haida,Female
Margarethe,Dofty,mdofty7z@aol.com,Software Test Engineer III,Colville,Female
Albie,Godbert,agodbert80@state.gov,Recruiter,Houma,Male
Cathi,Negro,cnegro81@thetimes.co.uk,Web Designer IV,Yaqui,Female
Augusto,Saffen,asaffen82@livejournal.com,Analog Circuit Design manager,Fijian,Male
Jenine,Clissett,jclissett83@comcast.net,Help Desk Technician,Chamorro,Female
Will,Phillippo,wphillippo84@tinyurl.com,Recruiting Manager,Alaska Native,Male
Helene,Carillo,hcarillo85@shutterfly.com,Health Coach I,Menominee,Female
Olva,Whelpdale,owhelpdale86@networkadvertising.org,Social Worker,Thai,Female
Mateo,McGavigan,mmcgavigan87@prnewswire.com,Computer Systems Analyst III,Native Hawaiian,Male
Lionello,Landeg,llandeg88@paypal.com,Internal Auditor,Chinese,Male
Althea,Tregiddo,atregiddo89@aol.com,Food Chemist,Ute,Female
Fannie,Wackly,fwackly8a@reference.com,Web Designer IV,Cree,Female
Lurette,Kubik,lkubik8b@ovh.net,Analog Circuit Design manager,Filipino,Female
Riva,Howles,rhowles8c@dailymotion.com,Administrative Officer,Spaniard,Female
Bethena,Hairs,bhairs8d@amazon.co.jp,Editor,Dominican (Dominican Republic),Female
Dee,Tollett,dtollett8e@telegraph.co.uk,Budget/Accounting Analyst IV,Peruvian,Female
Royall,Jobbings,rjobbings8f@gmpg.org,Social Worker,Cambodian,Male
Montgomery,Cheshire,mcheshire8g@slideshare.net,Financial Analyst,Paraguayan,Male
Nikita,Iannuzzelli,niannuzzelli8h@cam.ac.uk,Senior Quality Engineer,Nicaraguan,Male
Larina,Scartifield,lscartifield8i@ucoz.com,Design Engineer,Argentinian,Female
Darb,Andrysek,dandrysek8j@devhub.com,Community Outreach Specialist,Houma,Female
Wyn,Wims,wwims8k@jigsy.com,Budget/Accounting Analyst III,Menominee,Male
Kyrstin,Sweeting,ksweeting8l@simplemachines.org,Graphic Designer,Japanese,Female
Ardeen,Brisse,abrisse8m@ucla.edu,Research Assistant I,Japanese,Female
Susanna,Satchell,ssatchell8n@networksolutions.com,Nurse Practicioner,Micronesian,Female
Nonah,Humber,nhumber8o@tripadvisor.com,Electrical Engineer,Houma,Female
Trixi,Carrier,tcarrier8p@huffingtonpost.com,Nurse Practicioner,Dominican (Dominican Republic),Female
William,Gatecliffe,wgatecliffe8q@nasa.gov,Environmental Specialist,Creek,Male
Nye,Butcher,nbutcher8r@wired.com,Pharmacist,Sioux,Male
Janis,Remirez,jremirez8s@blogs.com,Editor,Alaskan Athabascan,Female
Cristian,Lavis,clavis8t@ibm.com,Software Test Engineer II,Pueblo,Male
Jillayne,O'Rudden,jorudden8u@unicef.org,Electrical Engineer,Menominee,Female
Doloritas,Hustings,dhustings8v@friendfeed.com,Chemical Engineer,Samoan,Female
Waylin,Callington,wcallington8w@cyberchimps.com,Recruiting Manager,Salvadoran,Male
Deva,Phippin,dphippin8x@ted.com,Graphic Designer,Paraguayan,Female
Yorke,Dunlea,ydunlea8y@scientificamerican.com,Internal Auditor,South American,Male
Meryl,Dampier,mdampier8z@narod.ru,Administrative Assistant IV,Houma,Female
Harald,Heinritz,hheinritz90@jimdo.com,Chief Design Engineer,Thai,Male
Quint,Fort,qfort91@privacy.gov.au,Actuary,Japanese,Male
Rees,Dreigher,rdreigher92@jigsy.com,Structural Engineer,Spaniard,Male
Ruy,Hymer,rhymer93@desdev.cn,Clinical Specialist,Filipino,Male
Tamra,Dutnall,tdutnall94@artisteer.com,Research Assistant I,Cuban,Female
Fabiano,Willbond,fwillbond95@theatlantic.com,Accounting Assistant II,Cree,Male
Waldon,Farady,wfarady96@ed.gov,Nurse Practicioner,Colville,Male
Ginelle,Ferreo,gferreo97@feedburner.com,Help Desk Operator,Latin American Indian,Female
Aymer,Netti,anetti98@adobe.com,Senior Cost Accountant,Chilean,Male
Babbette,Kidner,bkidner99@census.gov,Safety Technician II,Bolivian,Female
Clareta,Battson,cbattson9a@apple.com,Graphic Designer,Malaysian,Female
Viv,Attlee,vattlee9b@istockphoto.com,Assistant Media Planner,Cherokee,Female
Ingra,Semour,isemour9c@walmart.com,Editor,Puget Sound Salish,Male
Kayle,Penright,kpenright9d@google.ca,Compensation Analyst,Cambodian,Female
Cookie,Crossby,ccrossby9e@webnode.com,Project Manager,Costa Rican,Female
Joell,Leonards,jleonards9f@reference.com,Statistician II,Indonesian,Female
Ezri,Kmieciak,ekmieciak9g@state.tx.us,Legal Assistant,Black or African American,Male
Sabina,McHan,smchan9h@fastcompany.com,Financial Analyst,Colombian,Female
Bay,Renak,brenak9i@cnn.com,Nuclear Power Engineer,Osage,Male
Andris,Balden,abalden9j@unblog.fr,Health Coach II,Chamorro,Male
Griselda,Davydochkin,gdavydochkin9k@wired.com,Assistant Media Planner,Blackfeet,Female
Fleurette,Langham,flangham9l@indiatimes.com,Mechanical Systems Engineer,Paiute,Female
Kip,Tootell,ktootell9m@yolasite.com,Nurse,Apache,Male
Charmaine,Banthorpe,cbanthorpe9n@ted.com,Civil Engineer,Iroquois,Female
Gilberto,Twiname,gtwiname9o@businessinsider.com,Marketing Assistant,Navajo,Male
Allyn,Jerrom,ajerrom9p@redcross.org,Social Worker,Aleut,Female
Dedie,Estoile,destoile9q@technorati.com,Automation Specialist IV,Chilean,Female
Libbie,Popov,lpopov9r@biglobe.ne.jp,Human Resources Assistant III,Shoshone,Female
Farris,Cock,fcock9s@hatena.ne.jp,Recruiting Manager,Honduran,Male
Valenka,Druce,vdruce9t@hp.com,Senior Cost Accountant,Native Hawaiian and Other Pacific Islander (NHPI),Female
Matteo,Jouen,mjouen9u@xing.com,VP Product Management,Bolivian,Male
Archaimbaud,Howsego,ahowsego9v@cpanel.net,Desktop Support Technician,Venezuelan,Male
Shandee,Petri,spetri9w@diigo.com,Media Manager I,Native Hawaiian,Female
Sinclare,Walshe,swalshe9x@amazon.com,Assistant Manager,Laotian,Male
Tamas,Doughton,tdoughton9y@studiopress.com,Director of Sales,Asian Indian,Male
Gawain,Ranfield,granfield9z@statcounter.com,Developer III,Houma,Male
Artemas,Jales,ajalesa0@diigo.com,Staff Accountant III,Alaskan Athabascan,Male
Seka,Blight,sblighta1@japanpost.jp,Mechanical Systems Engineer,Costa Rican,Female
Terra,Curd,tcurda2@sina.com.cn,Software Consultant,Pima,Female
Ingemar,Hubbert,ihubberta3@microsoft.com,VP Accounting,Yaqui,Male
Hadrian,Skala,hskalaa4@github.io,Account Coordinator,Yakama,Male
Terry,Paterson,tpatersona5@ucla.edu,Design Engineer,Potawatomi,Female
Bird,Bratchell,bbratchella6@msn.com,Engineer IV,Panamanian,Female
Maurits,Devorill,mdevorilla7@nifty.com,Statistician I,Nicaraguan,Male
Anetta,Niccolls,aniccollsa8@addthis.com,Senior Developer,Paiute,Female
Phyllys,Scorah,pscoraha9@naver.com,Account Coordinator,Cuban,Female
Kendell,Tiffany,ktiffanyaa@digg.com,Senior Quality Engineer,Hmong,Male
Allis,Adlington,aadlingtonab@pen.io,Assistant Professor,Cambodian,Female
Louie,Rochelle,lrochelleac@scientificamerican.com,Analog Circuit Design manager,Japanese,Male
Reinaldos,Snarie,rsnariead@wikispaces.com,Clinical Specialist,Filipino,Male
Susann,Pappi,spappiae@examiner.com,Chemical Engineer,Guatemalan,Female
Rori,Webermann,rwebermannaf@rakuten.co.jp,Help Desk Operator,Peruvian,Female
Corly,Chree,cchreeag@google.it,Health Coach IV,South American,Female
Noella,Wemm,nwemmah@mit.edu,Human Resources Assistant III,Alaska Native,Female
Randie,Tzarkov,rtzarkovai@bigcartel.com,Payment Adjustment Coordinator,Sioux,Male
Gianni,Boulsher,gboulsheraj@bloomberg.com,Payment Adjustment Coordinator,Yakama,Male
Charlene,Ondrousek,condrousekak@4shared.com,Sales Representative,Samoan,Female
Dyane,Austins,daustinsal@delicious.com,Research Assistant IV,Seminole,Female
Cos,Sigfrid,csigfridam@typepad.com,Junior Executive,Yaqui,Male
Hershel,Maghull,hmaghullan@independent.co.uk,Staff Scientist,Navajo,Male
Ludovico,Bunnell,lbunnellao@networksolutions.com,Computer Systems Analyst II,Seminole,Male
Alistair,Samudio,asamudioap@arizona.edu,VP Marketing,Pakistani,Male
Minni,MacKellen,mmackellenaq@deviantart.com,Senior Sales Associate,Cambodian,Female
Arthur,Schimoni,aschimoniar@cnbc.com,Software Consultant,Iroquois,Male
Giselbert,Kerner,gkerneras@newsvine.com,Technical Writer,Apache,Male
Alverta,Phebey,aphebeyat@unicef.org,Geological Engineer,Taiwanese,Female
Orelia,Tonnesen,otonnesenau@dmoz.org,Social Worker,Micronesian,Female
Rance,Simyson,rsimysonav@thetimes.co.uk,Safety Technician II,Costa Rican,Male
Traci,Axten,taxtenaw@bloomberg.com,Human Resources Assistant III,Bangladeshi,Female
Bernarr,Guyver,bguyverax@photobucket.com,Assistant Media Planner,Chippewa,Male
Agace,Alejandro,aalejandroay@rakuten.co.jp,Executive Secretary,Honduran,Female
Devondra,Lansbury,dlansburyaz@sbwire.com,Accountant IV,Guatemalan,Female
Katya,Napoleon,knapoleonb0@intel.com,Paralegal,Guatemalan,Female
Dodie,Chapman,dchapmanb1@dell.com,Engineer I,Native Hawaiian and Other Pacific Islander (NHPI),Female
Jud,Eisikovitsh,jeisikovitshb2@php.net,Web Designer I,Salvadoran,Male
Case,Litterick,clitterickb3@wp.com,Senior Cost Accountant,Uruguayan,Male
Berky,Davy,bdavyb4@facebook.com,Media Manager I,Blackfeet,Male
Brigitta,Lucy,blucyb5@bing.com,Librarian,Native Hawaiian,Female
Blakeley,Leechman,bleechmanb6@narod.ru,Legal Assistant,Pueblo,Female
Eugenio,Keam,ekeamb7@cnbc.com,Chemical Engineer,Comanche,Male
Carmel,Espinazo,cespinazob8@cnbc.com,Senior Editor,Asian Indian,Female
Franchot,Carwardine,fcarwardineb9@live.com,Senior Financial Analyst,Nicaraguan,Male
Darbee,Cogin,dcoginba@mac.com,Business Systems Development Analyst,Lumbee,Male
Cristionna,Gisborne,cgisbornebb@pcworld.com,Speech Pathologist,Iroquois,Female
Tabbatha,Walles,twallesbc@rediff.com,Administrative Officer,South American,Female
Leandra,Kincaid,lkincaidbd@themeforest.net,Financial Analyst,Asian Indian,Female
Willow,Bicheno,wbichenobe@github.io,Media Manager III,Houma,Female
Jared,Ecclesall,jecclesallbf@samsung.com,Safety Technician IV,Comanche,Male
Baxter,Panas,bpanasbg@house.gov,Social Worker,Asian,Male
Megen,Ratie,mratiebh@nps.gov,Assistant Professor,Blackfeet,Female
Joyous,Trippett,jtrippettbi@freewebs.com,Editor,Cree,Female
Gilemette,Goosnell,ggoosnellbj@cargocollective.com,GIS Technical Architect,Kiowa,Female
Lew,Kohtler,lkohtlerbk@buzzfeed.com,Design Engineer,Navajo,Male
Vannie,De Blase,vdeblasebl@g.co,Chief Design Engineer,Nicaraguan,Female
Emmaline,Williscroft,ewilliscroftbm@prnewswire.com,Account Coordinator,Cheyenne,Female
Gregoire,Foulgham,gfoulghambn@answers.com,Structural Analysis Engineer,Vietnamese,Male
Beulah,Schrir,bschrirbo@aol.com,Environmental Specialist,Navajo,Female
Allx,Goater,agoaterbp@fema.gov,Assistant Manager,Native Hawaiian,Female
Rollins,Lippingwell,rlippingwellbq@ifeng.com,Social Worker,Malaysian,Male
Gayle,Wardley,gwardleybr@twitpic.com,Technical Writer,Lumbee,Male
Sigfried,Warrener,swarrenerbs@nationalgeographic.com,Database Administrator II,Colville,Male
Amandi,Burril,aburrilbt@google.fr,VP Quality Control,Latin American Indian,Female
Edythe,Kempson,ekempsonbu@hubpages.com,Geologist I,Blackfeet,Female
Pepillo,Hallick,phallickbv@google.com.au,Electrical Engineer,Navajo,Male
Reyna,Kunat,rkunatbw@edublogs.org,Help Desk Operator,Osage,Female
Verna,Bamber,vbamberbx@a8.net,Analog Circuit Design manager,Black or African American,Female
Rhianon,Fitzgerald,rfitzgeraldby@desdev.cn,Director of Sales,Tohono O'Odham,Female
Vidovik,Vlasyuk,vvlasyukbz@cmu.edu,Internal Auditor,Guamanian,Male
Fayette,Dyment,fdymentc0@tinyurl.com,VP Marketing,Comanche,Female
Dean,Whetnall,dwhetnallc1@sciencedaily.com,Engineer I,Melanesian,Male
Sylvia,Faltin,sfaltinc2@abc.net.au,Speech Pathologist,Tongan,Female
Yanaton,Peters,ypetersc3@wired.com,Chemical Engineer,Ottawa,Male
Bernardo,Sturley,bsturleyc4@shareasale.com,Social Worker,American Indian,Male
Trudi,Vian,tvianc5@intel.com,Technical Writer,Sioux,Female
Gregg,Preddy,gpreddyc6@digg.com,Compensation Analyst,Sri Lankan,Male
Berti,Veighey,bveigheyc7@gravatar.com,Recruiter,Spaniard,Male
Fabio,Ratt,frattc8@vimeo.com,Account Executive,Iroquois,Male
Lauritz,Crockford,lcrockfordc9@apple.com,Programmer IV,Panamanian,Male
Kathleen,Brammer,kbrammerca@reddit.com,Nurse Practicioner,Alaska Native,Female
Cam,Squibbes,csquibbescb@addtoany.com,Geological Engineer,Vietnamese,Male
Barny,Aiston,baistoncc@craigslist.org,Biostatistician IV,Cherokee,Male
Adella,Tyreman,atyremancd@facebook.com,Senior Editor,American Indian,Female
Blinnie,McNeish,bmcneishce@qq.com,Sales Representative,Samoan,Female
Georgi,Cleynman,gcleynmancf@twitter.com,Financial Advisor,Potawatomi,Male
Shea,Turvey,sturveycg@uiuc.edu,Web Designer II,Laotian,Male
Gran,Ortiger,gortigerch@gizmodo.com,Nurse Practicioner,Black or African American,Male
Darrick,Daingerfield,ddaingerfieldci@jalbum.net,Help Desk Technician,Malaysian,Male
Lou,Barens,lbarenscj@list-manage.com,Nuclear Power Engineer,Panamanian,Male
Duff,Fripps,dfrippsck@posterous.com,Chief Design Engineer,Chickasaw,Male
Westleigh,Camillo,wcamillocl@scientificamerican.com,Health Coach IV,Chinese,Male
Heywood,Keizman,hkeizmancm@devhub.com,Software Engineer II,Alaskan Athabascan,Male
Lloyd,Scardifield,lscardifieldcn@de.vu,Statistician I,Bangladeshi,Male
Beniamino,Puddephatt,bpuddephattco@goodreads.com,VP Marketing,Houma,Male
Gennifer,Branchet,gbranchetcp@nifty.com,Pharmacist,Aleut,Female
Omero,Korejs,okorejscq@mlb.com,Human Resources Assistant IV,Chilean,Male
Tomaso,Leeming,tleemingcr@hc360.com,Professor,Lumbee,Male
Josias,Matson,jmatsoncs@alibaba.com,General Manager,Paraguayan,Male
Allyce,Kalderon,akalderonct@is.gd,Cost Accountant,Cuban,Female
Zea,Fozzard,zfozzardcu@gravatar.com,Web Designer II,Colville,Female
Caralie,Gruszka,cgruszkacv@cisco.com,Web Developer IV,Chamorro,Female
Melania,Mackerel,mmackerelcw@examiner.com,GIS Technical Architect,Osage,Female
Yvette,Rembrandt,yrembrandtcx@mozilla.com,Accounting Assistant I,Ute,Female
Abie,Algore,aalgorecy@parallels.com,Data Coordiator,Navajo,Male
Jacqui,Ellick,jellickcz@biblegateway.com,Structural Engineer,Chinese,Female
Aliza,Soots,asootsd0@free.fr,Help Desk Technician,Cheyenne,Female
Dredi,Ledgley,dledgleyd1@oaic.gov.au,Analog Circuit Design manager,Osage,Female
Jonis,Dellow,jdellowd2@cargocollective.com,Actuary,Guatemalan,Female
Ogdan,Orhrt,oorhrtd3@huffingtonpost.com,Assistant Professor,Sri Lankan,Male
Andras,Rolley,arolleyd4@squarespace.com,Senior Developer,Creek,Male
Claudina,Seckom,cseckomd5@bandcamp.com,Media Manager I,Honduran,Female
Anastasia,Kares,akaresd6@hud.gov,Assistant Professor,Native Hawaiian,Female
Mikel,Skuce,mskuced7@xinhuanet.com,Accounting Assistant III,White,Male
Pavla,Kersting,pkerstingd8@dagondesign.com,Financial Advisor,Pakistani,Female
Dunstan,Dancy,ddancyd9@ezinearticles.com,Software Test Engineer IV,Japanese,Male
Donelle,Footitt,dfootittda@ca.gov,Teacher,American Indian and Alaska Native (AIAN),Female
Shandeigh,Deakes,sdeakesdb@washingtonpost.com,Business Systems Development Analyst,Colombian,Female
Brander,Egdal,begdaldc@umich.edu,Quality Engineer,Bangladeshi,Male
Abbie,Heddy,aheddydd@mediafire.com,Research Nurse,Asian,Female
Bordie,Bowering,bboweringde@ask.com,Administrative Assistant II,Comanche,Male
Christoffer,Tanslie,ctansliedf@twitter.com,Administrative Assistant II,Salvadoran,Male
Orv,Havock,ohavockdg@theglobeandmail.com,Professor,Native Hawaiian,Male
Silva,O' Loughran,soloughrandh@alexa.com,Senior Financial Analyst,Guatemalan,Female
Saunderson,Arniz,sarnizdi@typepad.com,Staff Scientist,Ottawa,Male
Neddie,Kenson,nkensondj@kickstarter.com,Administrative Officer,Mexican,Male
Alexina,Huckerbe,ahuckerbedk@odnoklassniki.ru,Research Nurse,Venezuelan,Female
Lilia,Muro,lmurodl@sakura.ne.jp,Junior Executive,Venezuelan,Female
Melosa,Tabb,mtabbdm@berkeley.edu,Accounting Assistant I,Hmong,Female
Zebulon,Armin,zarmindn@google.es,Safety Technician II,Bangladeshi,Male
Donny,Tredgold,dtredgolddo@prlog.org,VP Sales,Chickasaw,Male
Leanor,Huckster,lhucksterdp@drupal.org,Nurse Practicioner,Creek,Female
Rriocard,Bridgman,rbridgmandq@tinypic.com,Assistant Media Planner,Dominican (Dominican Republic),Male
Roch,Grice,rgricedr@creativecommons.org,Cost Accountant,Mexican,Female
Burke,Weildish,bweildishds@diigo.com,Geologist III,Dominican (Dominican Republic),Male
Gasparo,Corderoy,gcorderoydt@soup.io,Help Desk Operator,Salvadoran,Male
Adham,Darter,adarterdu@sitemeter.com,Desktop Support Technician,Choctaw,Male
Faustina,Goldberg,fgoldbergdv@mac.com,Statistician I,Navajo,Female
Stillmann,Curtiss,scurtissdw@cam.ac.uk,Social Worker,Comanche,Male
Ethelind,Varndell,evarndelldx@facebook.com,Senior Cost Accountant,Chilean,Female
Jacquenette,Gethen,jgethendy@cbslocal.com,Business Systems Development Analyst,Chamorro,Female
Meade,Todarini,mtodarinidz@wikipedia.org,Professor,Eskimo,Female
Jeannette,Patullo,jpatulloe0@hostgator.com,Web Designer II,South American,Female
Ariadne,Krelle,akrellee1@cisco.com,Account Executive,Dominican (Dominican Republic),Female
Desiree,Pendreigh,dpendreighe2@bravesites.com,Account Representative IV,Pueblo,Female
Drusie,Stidston,dstidstone3@sciencedirect.com,Tax Accountant,Eskimo,Female
Farra,Houlden,fhouldene4@hexun.com,Nurse Practicioner,Asian Indian,Female
Timmie,Mont,tmonte5@nhs.uk,Computer Systems Analyst II,Sri Lankan,Male
Andriette,Applin,aappline6@dailymail.co.uk,VP Sales,Chamorro,Female
Byrann,York,byorke7@wikia.com,Human Resources Assistant II,Taiwanese,Male
Jarib,Simkins,jsimkinse8@twitpic.com,Computer Systems Analyst III,Yuman,Male
Reggie,Eyckelberg,reyckelberge9@networksolutions.com,VP Sales,Cambodian,Female
Abdul,Gringley,agringleyea@ucoz.ru,Electrical Engineer,Nicaraguan,Male
Esther,Pettegre,epettegreeb@hc360.com,Software Consultant,Houma,Female
Patric,Dunne,pdunneec@spiegel.de,Geological Engineer,Chickasaw,Male
Noe,Stuttard,nstuttarded@nhs.uk,Nurse,Potawatomi,Male
Dede,Pechold,dpecholdee@nsw.gov.au,Account Executive,Navajo,Female
Ken,Duffin,kduffinef@google.com.hk,Quality Engineer,Central American,Male
Tito,de la Valette Parisot,tdelavaletteparisoteg@addthis.com,Associate Professor,Colombian,Male
Tate,Elkin,telkineh@canalblog.com,Assistant Manager,Seminole,Female
Corry,Cassels,ccasselsei@diigo.com,Research Associate,Taiwanese,Female
Zsazsa,Van der Beek,zvanderbeekej@washingtonpost.com,Legal Assistant,Spaniard,Female
Claribel,Baynom,cbaynomek@plala.or.jp,Marketing Manager,Laotian,Female
Fergus,Shawley,fshawleyel@google.co.jp,Associate Professor,Chilean,Male
Storm,Standall,sstandallem@yahoo.com,Internal Auditor,Mexican,Female
Noni,Colt,ncolten@networksolutions.com,Health Coach I,Filipino,Female
Cati,Withur,cwithureo@imageshack.us,Pharmacist,Ute,Female
Winona,Jenner,wjennerep@slideshare.net,Software Test Engineer II,American Indian and Alaska Native (AIAN),Female
Yancey,Maxwale,ymaxwaleeq@scientificamerican.com,Analyst Programmer,Yakama,Male
Silvia,Simioli,ssimiolier@phpbb.com,Food Chemist,Aleut,Female
Ardenia,Canby,acanbyes@disqus.com,VP Sales,Bangladeshi,Female
Dreddy,Peidro,dpeidroet@stanford.edu,Project Manager,Latin American Indian,Female
Ignaz,Dadds,idaddseu@aol.com,Information Systems Manager,Colville,Male
Bev,Coda,bcodaev@auda.org.au,Analog Circuit Design manager,Yaqui,Male
Justine,Hurley,jhurleyew@reverbnation.com,Media Manager IV,Black or African American,Female
Theo,Van Waadenburg,tvanwaadenburgex@a8.net,Junior Executive,Panamanian,Male
Laura,Marjoram,lmarjoramey@surveymonkey.com,VP Sales,Taiwanese,Female
Waylon,Jerdon,wjerdonez@photobucket.com,Analog Circuit Design manager,Polynesian,Male
Angy,Davidovits,adavidovitsf0@creativecommons.org,Nurse,Spaniard,Female
Filmer,Hearnaman,fhearnamanf1@eventbrite.com,Safety Technician III,Pima,Male
Brandie,Armsby,barmsbyf2@mediafire.com,Structural Engineer,Guamanian,Female
Merry,Leaburn,mleaburnf3@ucoz.com,Office Assistant III,Delaware,Male
Jacqueline,Gleadle,jgleadlef4@reverbnation.com,Librarian,Central American,Female
Haily,Scampion,hscampionf5@t-online.de,Quality Engineer,Comanche,Male
Terrel,Conyard,tconyardf6@topsy.com,Legal Assistant,Mexican,Male
Caitrin,O'Dougherty,codoughertyf7@ihg.com,Desktop Support Technician,Vietnamese,Female
Ray,Gabel,rgabelf8@blogtalkradio.com,Chief Design Engineer,Navajo,Female
Clarissa,Pleager,cpleagerf9@springer.com,Clinical Specialist,Dominican (Dominican Republic),Female
Arlana,Gurnett,agurnettfa@addthis.com,Actuary,Asian Indian,Female
Ranee,Giacometti,rgiacomettifb@home.pl,Marketing Assistant,Mexican,Female
Myles,Cowwell,mcowwellfc@cnbc.com,VP Accounting,Spaniard,Male
Hillier,Levens,hlevensfd@sun.com,Director of Sales,Iroquois,Male
Garrott,Zelley,gzelleyfe@barnesandnoble.com,Project Manager,Peruvian,Male
Bat,Milazzo,bmilazzoff@nba.com,Assistant Media Planner,Cuban,Male
Fayre,Di Napoli,fdinapolifg@hostgator.com,Professor,Costa Rican,Female
Addy,Illidge,aillidgefh@census.gov,Civil Engineer,Potawatomi,Male
Wildon,Walford,wwalfordfi@wisc.edu,Automation Specialist II,Central American,Male
Kaitlin,Ahlf,kahlffj@techcrunch.com,Environmental Specialist,Central American,Female
Chloris,Orhrt,corhrtfk@google.de,Design Engineer,Cuban,Female
Matt,Canham,mcanhamfl@newyorker.com,Actuary,Delaware,Male
Sarene,Pitblado,spitbladofm@sbwire.com,Assistant Professor,Dominican (Dominican Republic),Female
Leonore,Lyes,llyesfn@webs.com,Design Engineer,Vietnamese,Female
Roz,Rizzotto,rrizzottofo@cafepress.com,VP Quality Control,Filipino,Female
Selby,Danielut,sdanielutfp@shutterfly.com,Chief Design Engineer,Cree,Male
Perl,Goding,pgodingfq@shutterfly.com,Sales Representative,Tlingit-Haida,Female
Jaymie,Tiron,jtironfr@telegraph.co.uk,Staff Accountant I,Costa Rican,Male
Jemmie,Souttar,jsouttarfs@discuz.net,Account Representative IV,Sri Lankan,Female
Mallissa,Leonida,mleonidaft@seattletimes.com,VP Accounting,Bolivian,Female
Hardy,Aleavy,haleavyfu@who.int,Media Manager III,Mexican,Male
Elyn,Elsip,eelsipfv@opensource.org,Help Desk Technician,Chickasaw,Female
Pieter,Jankovsky,pjankovskyfw@skyrock.com,Financial Analyst,Eskimo,Male
Vinny,Ponten,vpontenfx@apple.com,Software Engineer III,Sioux,Male
Pooh,Roft,proftfy@noaa.gov,Tax Accountant,Panamanian,Female
Abbe,Simko,asimkofz@yahoo.com,Internal Auditor,Crow,Female
Augusto,Lundberg,alundbergg0@princeton.edu,Recruiter,Native Hawaiian and Other Pacific Islander (NHPI),Male
Karyl,Phippard,kphippardg1@independent.co.uk,VP Sales,Thai,Female
Constantia,Dulanty,cdulantyg2@tripod.com,Geologist III,Salvadoran,Female
Elwira,Paddison,epaddisong3@hostgator.com,Quality Engineer,Asian Indian,Female
Lyell,Waulker,lwaulkerg4@ca.gov,Payment Adjustment Coordinator,White,Male
Laurent,Champerlen,lchamperleng5@constantcontact.com,Nuclear Power Engineer,Native Hawaiian and Other Pacific Islander (NHPI),Male
Andrej,Otter,aotterg6@businessweek.com,Account Executive,Black or African American,Male
Adey,Heynen,aheyneng7@netlog.com,Assistant Media Planner,Spaniard,Female
Reuben,Scamal,rscamalg8@sbwire.com,Programmer Analyst IV,Paraguayan,Male
Ethelred,Iwanowski,eiwanowskig9@imageshack.us,Analyst Programmer,American Indian and Alaska Native (AIAN),Male
Norbie,Lacy,nlacyga@google.it,Research Associate,Filipino,Male
Gaspard,Scamp,gscampgb@marketwatch.com,Clinical Specialist,Samoan,Male
Jonah,Rizzo,jrizzogc@etsy.com,Professor,Alaska Native,Male
Letisha,Kennet,lkennetgd@walmart.com,Human Resources Manager,Yuman,Female
Kermy,Ferron,kferronge@mashable.com,Pharmacist,Malaysian,Male
Ivie,Haskett,ihaskettgf@abc.net.au,Professor,Laotian,Female
Jarvis,Futter,jfuttergg@php.net,Junior Executive,Ecuadorian,Male
Lizette,Helsby,lhelsbygh@disqus.com,Food Chemist,Aleut,Female
Corabel,MacBean,cmacbeangi@tripadvisor.com,Senior Sales Associate,Laotian,Female
Danita,Tregidga,dtregidgagj@networksolutions.com,Staff Accountant IV,Menominee,Female
Dulciana,Samwaye,dsamwayegk@surveymonkey.com,Project Manager,Chippewa,Female
Diarmid,Rolley,drolleygl@deviantart.com,Budget/Accounting Analyst III,Thai,Male
Shalna,Camilleri,scamillerigm@newyorker.com,Staff Accountant I,South American,Female
Nola,Goodband,ngoodbandgn@godaddy.com,Teacher,Uruguayan,Female
Joelynn,Drakes,jdrakesgo@twitter.com,Senior Editor,Chamorro,Female
Kaila,Gartell,kgartellgp@spotify.com,Graphic Designer,Iroquois,Female
Patsy,Baiss,pbaissgq@digg.com,Account Coordinator,Cherokee,Female
Nappy,Broy,nbroygr@house.gov,Research Nurse,Sioux,Male
Min,Livingstone,mlivingstonegs@spiegel.de,Marketing Manager,Alaska Native,Female
Selene,Heigold,sheigoldgt@chicagotribune.com,Data Coordiator,Spaniard,Female
Maddie,O' Quirk,moquirkgu@dropbox.com,Dental Hygienist,Ottawa,Female
Robbert,Gilfillan,rgilfillangv@europa.eu,Administrative Assistant I,Mexican,Male
Kaylyn,Atyea,katyeagw@marketwatch.com,Automation Specialist II,Mexican,Female
Antonino,McCaster,amccastergx@businessweek.com,Financial Analyst,Native Hawaiian and Other Pacific Islander (NHPI),Male
Renard,Dot,rdotgy@storify.com,Budget/Accounting Analyst IV,Dominican (Dominican Republic),Male
Tomasine,Sherington,tsheringtongz@foxnews.com,Senior Quality Engineer,American Indian,Female
Sianna,Hardie,shardieh0@histats.com,Senior Sales Associate,Filipino,Female
Chaddy,Bryenton,cbryentonh1@blogspot.com,Computer Systems Analyst I,Choctaw,Male
Candis,Fleischer,cfleischerh2@multiply.com,Information Systems Manager,Shoshone,Female
Brigg,Hilldrup,bhilldruph3@amazon.co.uk,Environmental Specialist,Lumbee,Male
Maible,Lougheed,mlougheedh4@economist.com,Engineer II,Yakama,Female
Aldus,Percy,apercyh5@1688.com,Account Executive,Comanche,Male
Gracie,Whiteman,gwhitemanh6@boston.com,Design Engineer,Guatemalan,Female
Yoko,Clemenzi,yclemenzih7@state.gov,Registered Nurse,Nicaraguan,Female
Kerianne,Bourges,kbourgesh8@godaddy.com,Physical Therapy Assistant,Cuban,Female
Tate,Trinkwon,ttrinkwonh9@wikimedia.org,Civil Engineer,Venezuelan,Female
Rinaldo,O' Flaherty,roflahertyha@theguardian.com,Technical Writer,Honduran,Male
Laughton,Ferby,lferbyhb@nydailynews.com,Assistant Professor,Alaskan Athabascan,Male
Marijn,Cassel,mcasselhc@mit.edu,Teacher,Aleut,Male
Reagan,Simonitto,rsimonittohd@stanford.edu,Recruiter,Lumbee,Male
Annadiana,Braim,abraimhe@dedecms.com,Nurse,Vietnamese,Female
Siana,Batey,sbateyhf@google.com.au,Research Associate,Cree,Female
Malia,Jori,mjorihg@jugem.jp,Dental Hygienist,Ottawa,Female
Daloris,Bryett,dbryetthh@mayoclinic.com,Project Manager,Ute,Female
Thalia,Lawley,tlawleyhi@ucla.edu,Senior Quality Engineer,Native Hawaiian,Female
Maxie,Lorimer,mlorimerhj@linkedin.com,Recruiter,Delaware,Male
Darbee,Dagwell,ddagwellhk@mysql.com,Junior Executive,Native Hawaiian,Male
Nannette,Thurstan,nthurstanhl@drupal.org,Editor,American Indian,Female
Olive,Freer,ofreerhm@vinaora.com,Information Systems Manager,Malaysian,Female
Vivian,Twort,vtworthn@hugedomains.com,Cost Accountant,Chamorro,Female
Susanne,Back,sbackho@naver.com,VP Quality Control,Malaysian,Female
Nichols,Lafoy,nlafoyhp@themeforest.net,Pharmacist,Laotian,Male
Emmerich,Haywood,ehaywoodhq@example.com,Compensation Analyst,Cherokee,Male
Keven,Ingliby,kinglibyhr@yandex.ru,VP Sales,White,Male
Casper,Eskrigg,ceskrigghs@com.com,Technical Writer,Cherokee,Male
Elle,Trower,etrowerht@skype.com,GIS Technical Architect,Potawatomi,Female
Beckie,Folliott,bfolliotthu@about.com,VP Accounting,Central American,Female
Charleen,Chesshyre,cchesshyrehv@reference.com,Systems Administrator IV,Dominican (Dominican Republic),Female
Lari,Thirlwall,lthirlwallhw@etsy.com,GIS Technical Architect,Samoan,Female
Malcolm,Sorbey,msorbeyhx@howstuffworks.com,Software Consultant,Cherokee,Male
Malchy,MacCathay,mmaccathayhy@guardian.co.uk,Marketing Assistant,Asian,Male
Avrit,Idenden,aidendenhz@unc.edu,Research Nurse,Bangladeshi,Female
Gabbie,Tissell,gtisselli0@vistaprint.com,Community Outreach Specialist,Malaysian,Female
Bradan,Clitsome,bclitsomei1@wordpress.org,Safety Technician I,Costa Rican,Male
Derril,Clemonts,dclemontsi2@icq.com,Health Coach II,Menominee,Male
Brooks,Lineker,blinekeri3@accuweather.com,Librarian,Tlingit-Haida,Male
Ofilia,Keenleyside,okeenleysidei4@devhub.com,Junior Executive,Cherokee,Female
Kelly,Carmo,kcarmoi5@people.com.cn,Product Engineer,Pueblo,Male
Adelaida,Belitz,abelitzi6@sciencedaily.com,Geologist I,Nicaraguan,Female
Raquela,Guillotin,rguillotini7@youtube.com,Computer Systems Analyst I,Eskimo,Female
Tabbatha,Twentyman,ttwentymani8@army.mil,Senior Developer,Puerto Rican,Female
Garvin,Peppett,gpeppetti9@cnbc.com,Senior Cost Accountant,Asian,Male
Bradney,Stellin,bstellinia@narod.ru,Nuclear Power Engineer,Filipino,Male
Susanetta,Mussilli,smussilliib@icq.com,Design Engineer,Polynesian,Female
Odelinda,Tolomio,otolomioic@wikipedia.org,Assistant Media Planner,Crow,Female
Elden,Nutman,enutmanid@digg.com,Business Systems Development Analyst,Blackfeet,Male
Rollins,Faherty,rfahertyie@pen.io,Operator,Chippewa,Male
Wernher,Kuhnt,wkuhntif@arizona.edu,VP Product Management,Samoan,Male
Walsh,Bruneau,wbruneauig@zdnet.com,VP Quality Control,Cree,Male
Caro,Matashkin,cmatashkinih@storify.com,Marketing Assistant,Chamorro,Female
Desi,Windus,dwindusii@mail.ru,Research Assistant II,Kiowa,Male
Denice,Ballinghall,dballinghallij@prnewswire.com,Legal Assistant,Mexican,Female
Isaac,Kellard,ikellardik@newsvine.com,Dental Hygienist,Ecuadorian,Male
Garik,Guislin,gguislinil@toplist.cz,General Manager,Polynesian,Male
Arnuad,Capell,acapellim@posterous.com,Biostatistician IV,Laotian,Male
Gertrud,Robb,grobbin@wufoo.com,Structural Engineer,Pima,Female
Anetta,Beau,abeauio@zdnet.com,Electrical Engineer,Delaware,Female
Ode,Branch,obranchip@nps.gov,Research Assistant III,Guatemalan,Male
Oralle,Wilshire,owilshireiq@feedburner.com,Software Consultant,Central American,Female
Erin,Coultar,ecoultarir@t-online.de,Database Administrator III,Navajo,Female
Roseanne,Rickson,rricksonis@reuters.com,Physical Therapy Assistant,Indonesian,Female
Powell,Circuitt,pcircuittit@ftc.gov,Automation Specialist III,Alaska Native,Male
Clarisse,Rojahn,crojahniu@howstuffworks.com,Senior Cost Accountant,Osage,Female
Jenine,Manzell,jmanzelliv@un.org,Structural Engineer,Houma,Female
Effie,Northridge,enorthridgeiw@w3.org,Technical Writer,Melanesian,Female
Reba,Scotchmoor,rscotchmoorix@businessweek.com,Executive Secretary,Filipino,Female
Tory,Klimes,tklimesiy@spiegel.de,VP Product Management,Aleut,Female
Lizabeth,Tylor,ltyloriz@biblegateway.com,Statistician IV,Cree,Female
Maynard,Ridding,mriddingj0@wikipedia.org,Business Systems Development Analyst,Uruguayan,Male
Joellyn,Stonman,jstonmanj1@tripadvisor.com,Software Consultant,Guatemalan,Female
Timoteo,Kohn,tkohnj2@usnews.com,Developer I,Pakistani,Male
Kimball,Arlett,karlettj3@eventbrite.com,Systems Administrator II,Micronesian,Male
Darleen,Mompesson,dmompessonj4@bluehost.com,Analyst Programmer,Asian Indian,Female
Cooper,Levington,clevingtonj5@is.gd,Social Worker,Iroquois,Male
Rog,Traill,rtraillj6@ebay.co.uk,Product Engineer,Kiowa,Male
Granthem,Clemintoni,gclemintonij7@google.es,Accounting Assistant IV,Malaysian,Male
Cleopatra,Vasyunin,cvasyuninj8@ameblo.jp,Research Associate,Cheyenne,Female
Jules,Margery,jmargeryj9@uol.com.br,Data Coordiator,Paraguayan,Male
Dore,Aseef,daseefja@about.com,Electrical Engineer,Thai,Male
Shandie,Downing,sdowningjb@pinterest.com,Chief Design Engineer,Asian Indian,Female
Gianni,Delf,gdelfjc@wsj.com,Mechanical Systems Engineer,American Indian,Male
Rem,Ransbury,rransburyjd@so-net.ne.jp,Geological Engineer,Aleut,Male
Wyatt,Bellenie,wbellenieje@europa.eu,Technical Writer,Chickasaw,Male
Maxie,Linzee,mlinzeejf@gizmodo.com,Quality Engineer,Asian,Male
Gabi,Ring,gringjg@dmoz.org,Analog Circuit Design manager,Cheyenne,Male
Ignace,Vedyasov,ivedyasovjh@vistaprint.com,Food Chemist,Asian,Male
Bendix,Brennenstuhl,bbrennenstuhlji@multiply.com,Quality Engineer,Taiwanese,Male
Freddie,Paddon,fpaddonjj@nhs.uk,Mechanical Systems Engineer,Chickasaw,Male
Vidovik,Izod,vizodjk@g.co,VP Product Management,Cherokee,Male
Leanor,Callen,lcallenjl@yolasite.com,Financial Analyst,Polynesian,Female
Amalia,Dunsire,adunsirejm@godaddy.com,Actuary,Choctaw,Female
Killian,Doers,kdoersjn@google.fr,Tax Accountant,Malaysian,Male
Elyn,Radbond,eradbondjo@alexa.com,Business Systems Development Analyst,Panamanian,Female
Dale,Edland,dedlandjp@uiuc.edu,Senior Financial Analyst,Cheyenne,Female
Helen,Klaesson,hklaessonjq@google.de,Environmental Tech,Puget Sound Salish,Female
Robina,Farlam,rfarlamjr@upenn.edu,Civil Engineer,Bangladeshi,Female
Temp,Sandaver,tsandaverjs@theatlantic.com,Staff Scientist,Houma,Male
Else,O'Duggan,eodugganjt@ca.gov,Quality Engineer,Japanese,Female
Chickie,Marmyon,cmarmyonju@arstechnica.com,Geologist II,Honduran,Male
Laure,Edling,ledlingjv@sohu.com,Accounting Assistant III,Japanese,Female
Noble,Kingsford,nkingsfordjw@deviantart.com,Product Engineer,Laotian,Male
Cameron,Worman,cwormanjx@tinypic.com,Senior Sales Associate,Melanesian,Male
Noel,Spellward,nspellwardjy@mozilla.com,Professor,Menominee,Male
Carita,Hazeldine,chazeldinejz@netlog.com,Information Systems Manager,Bangladeshi,Female
Chantal,Cerro,ccerrok0@nature.com,Structural Analysis Engineer,Navajo,Female
Worth,Brotherton,wbrothertonk1@purevolume.com,Quality Control Specialist,Ecuadorian,Male
Durand,Seamans,dseamansk2@wordpress.org,Product Engineer,Sioux,Male
Conroy,Sugge,csuggek3@gravatar.com,Account Coordinator,Tongan,Male
Roland,Sprowell,rsprowellk4@t.co,Pharmacist,Vietnamese,Male
Che,Tattershall,ctattershallk5@nih.gov,Geologist III,Venezuelan,Male
Hedvig,Cheley,hcheleyk6@wp.com,Actuary,Tohono O'Odham,Female
Wynnie,Cud,wcudk7@smh.com.au,Biostatistician II,Delaware,Female
Adaline,Crates,acratesk8@twitpic.com,Research Assistant IV,Asian,Female
Chrissie,Fyndon,cfyndonk9@imdb.com,Design Engineer,Blackfeet,Female
Hestia,Bickerstasse,hbickerstasseka@adobe.com,Chemical Engineer,Cheyenne,Female
Karly,Ferronel,kferronelkb@weebly.com,Civil Engineer,American Indian and Alaska Native (AIAN),Female
Caryl,Retchford,cretchfordkc@gravatar.com,Administrative Assistant II,Ottawa,Male
Ange,Couche,acouchekd@sciencedaily.com,Librarian,Crow,Male
Salvador,Wiley,swileyke@mlb.com,Product Engineer,Polynesian,Male
Janna,Veld,jveldkf@techcrunch.com,Pharmacist,Thai,Female
Dominik,Crouse,dcrousekg@gov.uk,Nurse,Shoshone,Male
Nil,Nacci,nnaccikh@imdb.com,Account Representative IV,Bangladeshi,Male
Agnola,Pembery,apemberyki@jimdo.com,Nurse,Lumbee,Female
Catherine,Angell,cangellkj@blogger.com,Marketing Manager,Bangladeshi,Female
Beverley,Riceards,briceardskk@is.gd,VP Sales,Vietnamese,Female
Kennedy,Sumnall,ksumnallkl@ftc.gov,VP Product Management,Venezuelan,Male
Lorita,Walklate,lwalklatekm@goo.ne.jp,Software Test Engineer III,Bolivian,Female
Sharl,Dorkin,sdorkinkn@weibo.com,Health Coach II,Chinese,Female
Vincent,Fidock,vfidockko@noaa.gov,Food Chemist,Argentinian,Male
Gaspar,Swanbourne,gswanbournekp@over-blog.com,Civil Engineer,Bolivian,Male
Erin,Assel,easselkq@squidoo.com,General Manager,Native Hawaiian,Male
Atalanta,Sammonds,asammondskr@reference.com,Assistant Manager,Alaskan Athabascan,Female
Brien,Gomm,bgommks@i2i.jp,Senior Financial Analyst,Iroquois,Male
Merla,Godney,mgodneykt@wix.com,Safety Technician IV,Bolivian,Female
Thea,Sidnell,tsidnellku@stanford.edu,Clinical Specialist,Malaysian,Female
Hamlen,Pain,hpainkv@engadget.com,Help Desk Technician,Bangladeshi,Male
Corbie,Petherick,cpetherickkw@cam.ac.uk,VP Marketing,Tongan,Male
Charmane,Chadbourne,cchadbournekx@purevolume.com,Senior Editor,Ecuadorian,Female
Kaja,Symcox,ksymcoxky@shutterfly.com,Graphic Designer,Ottawa,Female
Samantha,Tolefree,stolefreekz@ycombinator.com,Account Executive,Central American,Female
Engracia,Lorman,elormanl0@loc.gov,Engineer III,Chinese,Female
Tiff,Janz,tjanzl1@ucsd.edu,Human Resources Manager,Ute,Female
Lauren,Jacquemet,ljacquemetl2@eepurl.com,Human Resources Assistant I,Puget Sound Salish,Female
Annis,MacKomb,amackombl3@hc360.com,VP Accounting,Pima,Female
Bonnie,Plinck,bplinckl4@engadget.com,Office Assistant II,Paraguayan,Female
Winonah,Seeney,wseeneyl5@google.com.au,Tax Accountant,White,Female
Elisha,Klemencic,eklemencicl6@tmall.com,Internal Auditor,Dominican (Dominican Republic),Female
Fae,Strapp,fstrappl7@abc.net.au,Assistant Manager,Yuman,Female
Michaella,Bolino,mbolinol8@bandcamp.com,Research Nurse,Asian,Female
Mavis,Keith,mkeithl9@umn.edu,Professor,Native Hawaiian and Other Pacific Islander (NHPI),Female
Opaline,Pond,opondla@dion.ne.jp,Physical Therapy Assistant,Central American,Female
Verney,Balham,vbalhamlb@quantcast.com,Product Engineer,Houma,Male
Shaine,D'Elia,sdelialc@slate.com,Technical Writer,Spaniard,Male
Aaron,Nacey,anaceyld@xrea.com,Internal Auditor,Mexican,Male
Hobey,Gallon,hgallonle@newsvine.com,Physical Therapy Assistant,Japanese,Male
Greg,Heelis,gheelislf@seattletimes.com,VP Quality Control,Tohono O'Odham,Male
Prisca,Hatzar,phatzarlg@mozilla.com,Editor,Colombian,Female
Michaella,Duthy,mduthylh@shop-pro.jp,Analog Circuit Design manager,Paraguayan,Female
Lyndy,Edington,ledingtonli@businessweek.com,Research Associate,Tohono O'Odham,Female
Zorah,Nottle,znottlelj@sogou.com,Tax Accountant,Alaskan Athabascan,Female
Nike,Enrich,nenrichlk@theglobeandmail.com,Payment Adjustment Coordinator,Chinese,Female
Elle,Ciardo,eciardoll@bandcamp.com,Research Associate,Mexican,Female
Ali,Coddington,acoddingtonlm@friendfeed.com,Research Associate,Cherokee,Male
Jenn,Broster,jbrosterln@hp.com,Quality Control Specialist,Pakistani,Female
Sadie,Kleinplatz,skleinplatzlo@theguardian.com,Registered Nurse,Alaska Native,Female
Bess,Pley,bpleylp@usnews.com,Technical Writer,Latin American Indian,Female
Eudora,McCreery,emccreerylq@state.tx.us,Senior Financial Analyst,American Indian and Alaska Native (AIAN),Female
Hunter,Scherme,hschermelr@squarespace.com,Senior Financial Analyst,Korean,Male
Cull,Robertelli,crobertellils@edublogs.org,Junior Executive,Mexican,Male
Frederich,Grocott,fgrocottlt@geocities.jp,Nurse Practicioner,Malaysian,Male
Etty,Petel,epetellu@freewebs.com,Administrative Assistant II,Yuman,Female
Noelle,Ferreira,nferreiralv@devhub.com,Data Coordiator,Micronesian,Female
Jilli,Collard,jcollardlw@linkedin.com,Accountant II,Potawatomi,Female
Son,Southwell,ssouthwelllx@phoca.cz,VP Quality Control,Osage,Male
Payton,Alben,palbenly@indiegogo.com,Help Desk Technician,Samoan,Male
Cyndie,Brisard,cbrisardlz@dyndns.org,Nurse Practicioner,Vietnamese,Female
Allie,Baudichon,abaudichonm0@independent.co.uk,Actuary,Dominican (Dominican Republic),Male
Caldwell,Bottomley,cbottomleym1@livejournal.com,Compensation Analyst,Hmong,Male
Xenia,Kester,xkesterm2@printfriendly.com,GIS Technical Architect,Chickasaw,Female
Duffy,Scampion,dscampionm3@who.int,Human Resources Manager,White,Male
Dare,Gambrell,dgambrellm4@newyorker.com,Business Systems Development Analyst,Cree,Male
George,Pettiford,gpettifordm5@princeton.edu,Software Consultant,Menominee,Male
Tiebout,Lavalle,tlavallem6@archive.org,Statistician IV,Chickasaw,Male
Theo,Lochhead,tlochheadm7@indiatimes.com,Senior Editor,Taiwanese,Male
Dagny,Ripon,driponm8@arstechnica.com,Graphic Designer,Choctaw,Male
Alonso,Morgon,amorgonm9@ameblo.jp,Geological Engineer,Aleut,Male
Teodoor,Messum,tmessumma@miibeian.gov.cn,Health Coach II,Yakama,Male
Eugenio,Finnan,efinnanmb@ftc.gov,Computer Systems Analyst III,Tlingit-Haida,Male
Allin,Siberry,asiberrymc@skyrock.com,Information Systems Manager,South American,Male
Hobie,Nell,hnellmd@cloudflare.com,Pharmacist,Puerto Rican,Male
Fabio,Borges,fborgesme@e-recht24.de,Clinical Specialist,Apache,Male
Kizzee,Scallan,kscallanmf@pbs.org,Marketing Manager,Chickasaw,Female
Joaquin,Hetterich,jhetterichmg@t-online.de,Sales Associate,Yuman,Male
Alyce,De Bischop,adebischopmh@yellowpages.com,Internal Auditor,Bangladeshi,Female
Sapphire,Lindmark,slindmarkmi@cbc.ca,Budget/Accounting Analyst III,Colville,Female
Nora,Saladine,nsaladinemj@forbes.com,Tax Accountant,Japanese,Female
Adrienne,Beverstock,abeverstockmk@discovery.com,VP Accounting,Samoan,Female
Tabbie,Presley,tpresleyml@mozilla.com,Geologist III,Cree,Female
Erika,Edyson,eedysonmm@cyberchimps.com,Product Engineer,Japanese,Female
Blondelle,Rorke,brorkemn@wix.com,Food Chemist,Alaska Native,Female
Taite,Linsley,tlinsleymo@weather.com,Speech Pathologist,Native Hawaiian and Other Pacific Islander (NHPI),Male
Nancey,Wurst,nwurstmp@yellowpages.com,Office Assistant II,Puerto Rican,Female
Phillis,Fawdry,pfawdrymq@marketwatch.com,Geological Engineer,Filipino,Female
Albina,Emmot,aemmotmr@dyndns.org,Programmer Analyst III,Micronesian,Female
Llywellyn,Bellis,lbellisms@cafepress.com,Legal Assistant,Paiute,Male
Clarey,Myatt,cmyattmt@bravesites.com,Senior Editor,Puerto Rican,Female
Willis,Polkinghorne,wpolkinghornemu@arstechnica.com,Sales Representative,Laotian,Male
Cariotta,Ducrow,cducrowmv@google.com,Internal Auditor,Asian,Female
Garwin,Frie,gfriemw@lycos.com,Dental Hygienist,Crow,Male
Kareem,Kimbling,kkimblingmx@google.fr,Electrical Engineer,Costa Rican,Male
Marcelle,Castelletto,mcastellettomy@cafepress.com,Budget/Accounting Analyst II,Delaware,Female
Rosabella,Rosenstein,rrosensteinmz@reuters.com,Chemical Engineer,Pakistani,Female
Dorice,Tomovic,dtomovicn0@harvard.edu,Electrical Engineer,Comanche,Female
Drake,Malpass,dmalpassn1@oaic.gov.au,Product Engineer,Pima,Male
Marne,Pilling,mpillingn2@deviantart.com,Programmer II,Ute,Female
Ellette,Smurthwaite,esmurthwaiten3@webmd.com,Assistant Media Planner,Laotian,Female
Antonino,Seller,asellern4@zdnet.com,Programmer Analyst I,Chickasaw,Male
Gabriele,Nower,gnowern5@mail.ru,VP Marketing,Japanese,Male
Ahmed,Hindes,ahindesn6@salon.com,Environmental Specialist,White,Male
Scotti,Harteley,sharteleyn7@hatena.ne.jp,Community Outreach Specialist,Fijian,Male
Prentiss,Mussilli,pmussillin8@microsoft.com,Human Resources Manager,Venezuelan,Male
Odilia,Kaesmakers,okaesmakersn9@sciencedaily.com,Programmer Analyst I,Ute,Female
Wang,Ziem,wziemna@seattletimes.com,Senior Editor,Korean,Male
Dyanna,Stanlike,dstanlikenb@earthlink.net,Administrative Assistant I,Menominee,Female
Johan,Lawrenson,jlawrensonnc@walmart.com,Payment Adjustment Coordinator,Cherokee,Male
Meta,Busse,mbussend@technorati.com,Software Consultant,Asian Indian,Female
Thornie,Kornyshev,tkornyshevne@shareasale.com,Nurse Practicioner,Hmong,Male
Findley,Morby,fmorbynf@disqus.com,Budget/Accounting Analyst II,Alaska Native,Male
Darwin,Leicester,dleicesterng@jimdo.com,Biostatistician III,Menominee,Male
Zachery,Bryns,zbrynsnh@npr.org,Computer Systems Analyst I,American Indian,Male
Archibald,Oram,aoramni@ning.com,Research Nurse,Asian Indian,Male
Balduin,MacEnelly,bmacenellynj@nifty.com,Executive Secretary,Chickasaw,Male
Cordelie,Wackett,cwackettnk@dailymotion.com,Chemical Engineer,Puerto Rican,Female
Andras,Terron,aterronnl@indiatimes.com,Senior Developer,Comanche,Male
Rakel,Wordley,rwordleynm@sakura.ne.jp,Associate Professor,Navajo,Female
Dalila,Livezley,dlivezleynn@blinklist.com,Geological Engineer,Potawatomi,Female
Leupold,Godson,lgodsonno@economist.com,Geologist I,Navajo,Male
Gennifer,Moncreif,gmoncreifnp@rakuten.co.jp,Research Assistant I,Kiowa,Female
Reagen,Gyngell,rgyngellnq@i2i.jp,Marketing Assistant,Tongan,Male
Linc,Neylan,lneylannr@telegraph.co.uk,Developer IV,American Indian and Alaska Native (AIAN),Male
Caron,Capelow,ccapelowns@goodreads.com,Project Manager,Osage,Female
Sigvard,Izard,sizardnt@bizjournals.com,Executive Secretary,Crow,Male
Colet,Reisk,creisknu@umn.edu,Database Administrator I,Peruvian,Male
Stephi,Poutress,spoutressnv@cornell.edu,Web Developer IV,Pueblo,Female
Burnard,Ledgard,bledgardnw@gizmodo.com,Legal Assistant,Houma,Male
Boris,Bouzek,bbouzeknx@blogspot.com,Director of Sales,Colville,Male
Dwain,Slyvester,dslyvesterny@princeton.edu,Legal Assistant,Native Hawaiian,Male
Halsey,Tantum,htantumnz@ihg.com,Engineer IV,Guatemalan,Male
Eilis,Heinel,eheinelo0@adobe.com,Programmer Analyst III,Melanesian,Female
Miran,Colrein,mcolreino1@edublogs.org,Tax Accountant,Tohono O'Odham,Female
Janis,Malthouse,jmalthouseo2@springer.com,Database Administrator III,Yaqui,Female
Mandie,Iscowitz,miscowitzo3@netscape.com,Account Representative IV,Uruguayan,Female
Jacky,Bennion,jbenniono4@shinystat.com,Community Outreach Specialist,Hmong,Male
Howie,Dittson,hdittsono5@addtoany.com,Data Coordiator,Korean,Male
Honey,Weippert,hweipperto6@redcross.org,Office Assistant IV,Delaware,Female
Misty,Rippin,mrippino7@edublogs.org,Data Coordiator,Fijian,Female
Briano,Stobart,bstobarto8@google.co.uk,Human Resources Manager,Melanesian,Male
Jackqueline,Redwall,jredwallo9@mtv.com,Analyst Programmer,Vietnamese,Female
Barri,Winstanley,bwinstanleyoa@skype.com,Financial Advisor,Choctaw,Male
Alair,Gladdish,agladdishob@huffingtonpost.com,VP Quality Control,Pueblo,Male
York,Abrahmer,yabrahmeroc@ihg.com,Quality Engineer,Native Hawaiian and Other Pacific Islander (NHPI),Male
Ive,Hembry,ihembryod@icq.com,Quality Engineer,Choctaw,Male
Irina,Govey,igoveyoe@wordpress.org,Research Assistant I,Cherokee,Female
Thaine,Ladds,tladdsof@dagondesign.com,Senior Quality Engineer,Cambodian,Male
Albert,Vassman,avassmanog@trellian.com,Chief Design Engineer,Pima,Male
Krystle,Bairstow,kbairstowoh@tuttocitta.it,Product Engineer,Ute,Female
Car,Coronado,ccoronadooi@360.cn,Director of Sales,Chippewa,Male
Julie,Satford,jsatfordoj@tiny.cc,Sales Representative,Houma,Female
Isaac,Danhel,idanhelok@cnet.com,Geologist IV,Osage,Male
Isadora,Hambatch,ihambatchol@sourceforge.net,Paralegal,Chamorro,Female
Andee,Jeandet,ajeandetom@wired.com,Sales Representative,Cheyenne,Female
Doralynne,de Mendoza,ddemendozaon@samsung.com,Desktop Support Technician,Seminole,Female
Duffie,Zarfai,dzarfaioo@ocn.ne.jp,Quality Control Specialist,Filipino,Male
Conant,Treadger,ctreadgerop@shutterfly.com,Analyst Programmer,Ottawa,Male
Oralee,Redgrave,oredgraveoq@vimeo.com,General Manager,Black or African American,Female
Raviv,Seavers,rseaversor@cnbc.com,Developer IV,Thai,Male
Chalmers,Lummis,clummisos@toplist.cz,Junior Executive,Micronesian,Male
Frazier,Ducker,fduckerot@cnet.com,Data Coordiator,Menominee,Male
Sabine,Kiddell,skiddellou@t.co,Technical Writer,Bangladeshi,Female
Abigale,Teaser,ateaserov@whitehouse.gov,Human Resources Manager,Thai,Female
Eimile,Grinter,egrinterow@seattletimes.com,Assistant Manager,Samoan,Female
Stephani,Vigus,svigusox@google.com.br,Data Coordiator,Kiowa,Female
Mabel,Glencros,mglencrosoy@go.com,Accountant II,Puerto Rican,Female
Salvidor,Narraway,snarrawayoz@indiegogo.com,Internal Auditor,Yakama,Male
Sutherlan,Boram,sboramp0@taobao.com,Marketing Assistant,Bolivian,Male
Maxim,Dumelow,mdumelowp1@goo.ne.jp,Web Developer II,Osage,Male
Hortense,Besse,hbessep2@bing.com,Assistant Professor,Osage,Female
Adoree,Firmager,afirmagerp3@opera.com,Mechanical Systems Engineer,Pima,Female
Myrle,Berger,mbergerp4@illinois.edu,Legal Assistant,Cuban,Female
Ulric,Brundill,ubrundillp5@senate.gov,Automation Specialist I,Pueblo,Male
Farah,Slane,fslanep6@house.gov,Senior Developer,Asian Indian,Female
Ulrich,Odger,uodgerp7@squidoo.com,Civil Engineer,Malaysian,Male
Mei,Gumary,mgumaryp8@soup.io,Statistician I,Lumbee,Female
Kimmie,Tiery,ktieryp9@google.com.hk,Research Assistant II,Paiute,Female
Kimble,Spalls,kspallspa@nydailynews.com,VP Accounting,Seminole,Male
Marsiella,Lexa,mlexapb@sfgate.com,Computer Systems Analyst II,Paiute,Female
Torrance,Rapinett,trapinettpc@yandex.ru,Geological Engineer,Alaskan Athabascan,Male
Benito,Shanahan,bshanahanpd@mysql.com,Biostatistician II,Vietnamese,Male
Muire,Batalini,mbatalinipe@va.gov,Recruiting Manager,Micronesian,Female
Even,Tatam,etatampf@squarespace.com,Analyst Programmer,Korean,Male
Egan,De Carteret,edecarteretpg@dailymotion.com,Administrative Officer,Cheyenne,Male
Meir,Chestney,mchestneyph@xrea.com,Internal Auditor,Costa Rican,Male
Gabriele,Wickins,gwickinspi@aol.com,Nuclear Power Engineer,Apache,Male
Axe,Pentony,apentonypj@umich.edu,Automation Specialist IV,Hmong,Male
Jaimie,Sleeny,jsleenypk@dyndns.org,Senior Sales Associate,Nicaraguan,Male
Dosi,Heliet,dhelietpl@java.com,Budget/Accounting Analyst IV,Laotian,Female
Meagan,Coates,mcoatespm@cafepress.com,VP Accounting,Pima,Female
Sibylla,Ribbon,sribbonpn@w3.org,Occupational Therapist,Spaniard,Female
Korey,Cicchinelli,kcicchinellipo@omniture.com,Social Worker,Puget Sound Salish,Male
Kayle,Crossby,kcrossbypp@about.com,Web Designer IV,Costa Rican,Female
Lettie,Birt,lbirtpq@boston.com,GIS Technical Architect,Black or African American,Female
Irvin,Jarrard,ijarrardpr@narod.ru,Legal Assistant,Argentinian,Male
Danica,Nund,dnundps@constantcontact.com,Senior Developer,Cheyenne,Female
Pauly,Litherborough,plitherboroughpt@alibaba.com,VP Accounting,Fijian,Male
Amelia,Penna,apennapu@un.org,Software Consultant,Nicaraguan,Female
Piotr,Gilloran,pgilloranpv@telegraph.co.uk,Product Engineer,Bolivian,Male
Reginald,Zanetello,rzanetellopw@pen.io,Assistant Professor,Kiowa,Male
Carlita,Shepard,cshepardpx@odnoklassniki.ru,Quality Engineer,Houma,Female
Finlay,Sargison,fsargisonpy@desdev.cn,Design Engineer,Polynesian,Male
Jaimie,Risbrough,jrisbroughpz@biglobe.ne.jp,Research Associate,Indonesian,Female
Sigismundo,Warbys,swarbysq0@gizmodo.com,Product Engineer,Cambodian,Male
Helene,Frantzen,hfrantzenq1@sbwire.com,Recruiter,Sioux,Female
Patrice,Shires,pshiresq2@marriott.com,Electrical Engineer,Taiwanese,Male
Dov,Brakespear,dbrakespearq3@studiopress.com,Internal Auditor,Japanese,Male
Jammal,Davenhall,jdavenhallq4@odnoklassniki.ru,Developer II,Vietnamese,Male
Norbie,Pavett,npavettq5@utexas.edu,Dental Hygienist,Osage,Male
Fifine,Haton,fhatonq6@cpanel.net,Geologist IV,Aleut,Female
Mariska,Shaughnessy,mshaughnessyq7@xrea.com,Cost Accountant,Chippewa,Female
Obie,Cammidge,ocammidgeq8@amazon.com,Marketing Assistant,Asian Indian,Male
Hirsch,Benardette,hbenardetteq9@army.mil,Pharmacist,Guatemalan,Male
Orbadiah,Dodell,ododellqa@github.com,Chief Design Engineer,American Indian,Male
Jabez,Suerz,jsuerzqb@gnu.org,Librarian,Thai,Male
Clement,Derby,cderbyqc@i2i.jp,Mechanical Systems Engineer,Potawatomi,Male
Chen,Curwen,ccurwenqd@furl.net,Assistant Manager,Yakama,Male
Ardys,Stiff,astiffqe@plala.or.jp,Food Chemist,Apache,Female
Enid,Bartolomeu,ebartolomeuqf@oakley.com,Design Engineer,Central American,Female
Judy,Comellini,jcomelliniqg@dell.com,GIS Technical Architect,Paraguayan,Female
Ofelia,Giannotti,ogiannottiqh@earthlink.net,Product Engineer,Puerto Rican,Female
Adolf,Aveson,aavesonqi@bloomberg.com,Accounting Assistant IV,Native Hawaiian and Other Pacific Islander (NHPI),Male
Prudy,Labb,plabbqj@scientificamerican.com,Assistant Professor,Puget Sound Salish,Female
Carroll,Shaplin,cshaplinqk@umich.edu,Geologist II,South American,Female
Devi,Jent,djentql@engadget.com,Clinical Specialist,Samoan,Female
Artemus,Muckleston,amucklestonqm@webnode.com,Statistician II,Nicaraguan,Male
Courtnay,Pendrich,cpendrichqn@un.org,Accounting Assistant I,Blackfeet,Male
Keefe,Gravestone,kgravestoneqo@google.ru,Database Administrator IV,Yakama,Male
Jojo,Itzkin,jitzkinqp@hp.com,Database Administrator III,Fijian,Female
Hughie,Roth,hrothqq@trellian.com,Occupational Therapist,Central American,Male
Marillin,Heugel,mheugelqr@dagondesign.com,Editor,Latin American Indian,Female
Lenette,Kivlin,lkivlinqs@nih.gov,Web Designer IV,Paiute,Female
Feodora,Yon,fyonqt@walmart.com,Software Consultant,Pueblo,Female
Alix,Milnthorpe,amilnthorpequ@angelfire.com,Analyst Programmer,Micronesian,Male
Umberto,Comport,ucomportqv@prweb.com,Software Consultant,Iroquois,Male
Brita,Braganca,bbragancaqw@spotify.com,Engineer II,Pakistani,Female
Trudey,Lamberts,tlambertsqx@virginia.edu,Software Engineer II,Cheyenne,Female
Minne,Vlasyev,mvlasyevqy@amazon.co.jp,Accountant III,Salvadoran,Female
Reinald,Polino,rpolinoqz@patch.com,Professor,Honduran,Male
Verge,Corneck,vcorneckr0@wired.com,Web Developer I,Melanesian,Male
Pen,Baake,pbaaker1@senate.gov,Financial Advisor,Polynesian,Female
Delaney,Kondratowicz,dkondratowiczr2@patch.com,Statistician II,Venezuelan,Male
Chanda,Pescud,cpescudr3@meetup.com,Associate Professor,American Indian,Female
Georgetta,Anand,ganandr4@sfgate.com,Mechanical Systems Engineer,Guamanian,Female
Francesca,Roger,frogerr5@list-manage.com,Librarian,Pima,Female
Ruperta,Astbury,rastburyr6@cbc.ca,Systems Administrator II,Salvadoran,Female
Westleigh,Sennett,wsennettr7@csmonitor.com,Help Desk Technician,Malaysian,Male
Townie,Lyfe,tlyfer8@shutterfly.com,Project Manager,Chilean,Male
Cathie,Bernardelli,cbernardellir9@statcounter.com,Biostatistician III,Blackfeet,Female
Meghan,Durrant,mdurrantra@google.com,Budget/Accounting Analyst I,Mexican,Female
Amelia,Duffin,aduffinrb@dyndns.org,Automation Specialist IV,Native Hawaiian,Female
Merna,Vaux,mvauxrc@angelfire.com,Tax Accountant,Sri Lankan,Female
Esther,Dibdale,edibdalerd@technorati.com,Payment Adjustment Coordinator,Polynesian,Female
Enid,Hedworth,ehedworthre@discuz.net,Clinical Specialist,Sioux,Female
Laverna,Henri,lhenrirf@flavors.me,Quality Control Specialist,Japanese,Female
Cristy,Castaner,ccastanerrg@unicef.org,Software Engineer I,Tongan,Female
Marijn,Farrimond,mfarrimondrh@t-online.de,Director of Sales,Argentinian,Male
Emyle,Reddyhoff,ereddyhoffri@i2i.jp,Compensation Analyst,Puerto Rican,Female
Dniren,Lunk,dlunkrj@hugedomains.com,Nuclear Power Engineer,Polynesian,Female
Warren,Salters,wsaltersrk@delicious.com,Marketing Assistant,Guamanian,Male
Tammara,Whapple,twhapplerl@chronoengine.com,Cost Accountant,Pueblo,Female
Sky,Rentalll,srentalllrm@wikia.com,Sales Representative,Ottawa,Male
Falito,Deeney,fdeeneyrn@timesonline.co.uk,Web Developer IV,Sioux,Male
Melloney,Somerton,msomertonro@studiopress.com,Clinical Specialist,Bangladeshi,Female
Joann,Bowering,jboweringrp@nymag.com,Senior Financial Analyst,Bolivian,Female
Gustav,Maggiori,gmaggiorirq@aboutads.info,Programmer Analyst IV,Pakistani,Male
Casi,Le feuvre,clefeuvrerr@acquirethisname.com,Payment Adjustment Coordinator,Paiute,Female
